﻿<?xml version="1.0"?>
<configuration date="2014/05/24" author="e.World Technology Ltd.">
<project id="{FDF9D461-C8C4-4B01-893C-EAF280CCB667}" file="C:\Users\anuradha\Documents\PHPMaker\Projects\uoponline\onlineexam.pmp" name="onlineexam" product="PHPMaker" version="10.0" datetime="2014/05/24 08:18:03" languagefolder="phplang" userlevel="0,&quot;Default&quot;,0">
<table id="t_course_instructor" name="t_course_instructor" caption="t course instructor" userlevel="0,&quot;Default&quot;,0" priv="1"/>
<table id="t_course_students" name="t_course_students" caption="t course students" userlevel="0,&quot;Default&quot;,0" priv="1"/>
<table id="t_courses" name="t_courses" caption="t courses" userlevel="0,&quot;Default&quot;,0" priv="1"/>
<table id="t_designations" name="t_designations" caption="t designations" userlevel="0,&quot;Default&quot;,0" priv="1"/>
<table id="t_examination_types" name="t_examination_types" caption="t examination types" userlevel="0,&quot;Default&quot;,0" priv="1"/>
<table id="t_examinations" name="t_examinations" caption="t examinations" userlevel="0,&quot;Default&quot;,0" priv="1"/>
<table id="t_marital_statuses" name="t_marital_statuses" caption="t marital statuses" userlevel="0,&quot;Default&quot;,0" priv="1"/>
<table id="t_semisters" name="t_semisters" caption="t semisters" userlevel="0,&quot;Default&quot;,0" priv="1"/>
<table id="t_subjects" name="t_subjects" caption="t subjects" userlevel="0,&quot;Default&quot;,0" priv="1"/>
<table id="t_users" name="t_users" caption="t users" userlevel="0,&quot;Default&quot;,0" priv="1"/>
<table id="userlevelpermissions" name="userlevelpermissions" caption="userlevelpermissions" userlevel="0,&quot;Default&quot;,0" priv="1"/>
<table id="userlevels" name="userlevels" caption="userlevels" userlevel="0,&quot;Default&quot;,0" priv="1"/>
</project></configuration>
